Admin;Admin;50;Admin;Admin;Admin;Admin User
Emirhan;Senir;20;EmirhanS;esenir21@ku.edu.tr;emrs123;Professional User
Baha;Karga;24;BKarga;bahakarga@gmail.com;BahaKarga3765;Free User
Geralt;Rivia;35;witcher312;geraltofrivia@gmail.com;tossacoin;Professional User
Sara;Travers;23;Saraa;stsara@hotmail.com;123456789;Free User
Trevor;Penner;33;trevor90;tpenner90@gmail.com;19901990tr;Free User
Milton;Hawkins;25;Mhawkins21;mhawkins21@gmail.com;MHawk192123;Professional User
Paula Van;As;22;pauvanas;paula01@gmail.com;paulavanas2001;Hobbyist User
Umut;Demirci;24;DemirciUmut;dumut12@gmail.com;UmutUmut123;Hobbyist User
